{"linear": 0.9608589906876689, "1_0.1": 0.9705230389908731}