{"linear": 0.9665569028718795, "1_0.1": 0.9729842112109921, "1_0.3": 0.9739197851774304, "1_0.5": 0.9732803895874955, "1_0.7": 0.9707990741363146, "3_0.1": 0.9743446966963905, "3_0.3": 0.9756777485197036, "3_0.5": 0.9743638850028188, "3_0.7": 0.9733959733068447, "5_0.1": 0.9751187409280659, "5_0.3": 0.9755081381383912, "5_0.5": 0.9742099715291841, "5_0.7": 0.9723244683125958, "7_0.1": 0.9750120351229286, "7_0.3": 0.9751037004440541, "7_0.5": 0.9735469286041412, "7_0.7": 0.9715058803605068}